INSERT INTO AK_DISH (ID, TITLE, IMG_URL, DESCRIPTION)
VALUES (1, 'Dish 1', 'http://img', 'Dish Description 1');
INSERT INTO AK_DISH (ID, TITLE, IMG_URL, DESCRIPTION)
VALUES (2, 'Dish 2', 'http://img', 'Dish Description 2');
INSERT INTO AK_DISH (ID, TITLE, IMG_URL, DESCRIPTION)
VALUES (3, 'Dish 3', 'http://img', 'Dish Description 3');
INSERT INTO AK_DISH (ID, TITLE, IMG_URL, DESCRIPTION)
VALUES (4, 'Dish 4', 'http://img', 'Dish Description 4');

INSERT INTO AK_RESTAURANT (ID, TITLE, IMG_URL, DESCRIPTION)
VALUES (1, 'Restaurant 1', 'http://img', 'Restaurant Description 1');
INSERT INTO AK_RESTAURANT (ID, TITLE, IMG_URL, DESCRIPTION)
VALUES (2, 'Restaurant 2', 'http://img', 'Restaurant Description 2');

INSERT INTO AK_USER (ID, EMAIL, FIRST_NAME, LAST_NAME)
VALUES (1, 'email1@email.com', 'FirstName 1', 'LastName 1');
INSERT INTO AK_USER (ID, EMAIL, FIRST_NAME, LAST_NAME)
VALUES (2, 'email2@email.com', 'FirstName 2', 'LastName 2');

INSERT INTO AK_TABLE(ID, TITLE, NUMBER_OF_PLACES, RESTAURANT_ID)
VALUES (1, 'Table 1 restaurant 1 with 2 places', 2, 1);
INSERT INTO AK_TABLE(ID, TITLE, NUMBER_OF_PLACES, RESTAURANT_ID)
VALUES (2, 'Table 2 restaurant 1 with 3 places', 3, 1);
INSERT INTO AK_TABLE(ID, TITLE, NUMBER_OF_PLACES, RESTAURANT_ID)
VALUES (3, 'Table 3 restaurant 1 with 1 place', 1, 1);
INSERT INTO AK_TABLE(ID, TITLE, NUMBER_OF_PLACES, RESTAURANT_ID)
VALUES (4, 'Table 1 restaurant 2 with 1 places', 1, 2);


INSERT INTO AK_MENU (ID, RESTAURANT_ID, DISH_ID)
VALUES (1, 1, 1);
INSERT INTO AK_MENU (ID, RESTAURANT_ID, DISH_ID)
VALUES (2, 1, 2);
INSERT INTO AK_MENU (ID, RESTAURANT_ID, DISH_ID)
VALUES (3, 1, 3);
INSERT INTO AK_MENU (ID, RESTAURANT_ID, DISH_ID)
VALUES (4, 1, 4);
INSERT INTO AK_MENU (ID, RESTAURANT_ID, DISH_ID)
VALUES (5, 2, 1);
INSERT INTO AK_MENU (ID, RESTAURANT_ID, DISH_ID)
VALUES (6, 2, 2);


INSERT INTO AK_ORDER(ID, MENU_ID, USER_ID, TABLE_ID)
VALUES (1, 1, 1, 1);
INSERT INTO AK_ORDER(ID, MENU_ID, USER_ID, TABLE_ID)
VALUES (2, 2, 2, 1);
INSERT INTO AK_ORDER(ID, MENU_ID, USER_ID, TABLE_ID)
VALUES (3, 2, 1, NULL)