INSERT INTO AK_DISH (ID, TITLE, IMG_URL, DESCRIPTION)
VALUES (1, 'Dish 1', 'http://img', 'Dish Description 1');
INSERT INTO AK_DISH (ID, TITLE, IMG_URL, DESCRIPTION)
VALUES (2, 'Dish 2', 'http://img', 'Dish Description 2');
INSERT INTO AK_DISH (ID, TITLE, IMG_URL, DESCRIPTION)
VALUES (3, 'Dish 3', 'http://img', 'Dish Description 3');
INSERT INTO AK_DISH (ID, TITLE, IMG_URL, DESCRIPTION)
VALUES (4, 'Dish 4', 'http://img', 'Dish Description 4');

INSERT INTO AK_RESTAURANT (ID, TITLE, IMG_URL, DESCRIPTION)
VALUES (1, 'Restaurant 1', 'http://img', 'Restaurant Description 1');
INSERT INTO AK_RESTAURANT (ID, TITLE, IMG_URL, DESCRIPTION)
VALUES (2, 'Restaurant 2', 'http://img', 'Restaurant Description 2');


INSERT INTO AK_USER (ID, EMAIL, PASSWORD_HASH, FIRST_NAME, LAST_NAME)
VALUES (1, 'email1@email.com', /*password*/'$2a$08$EfoMXblxEFhBxSCOxI/bju0G4oVwGgtCig6INKKOJbchvNw5XhoTW',
        'FirstName 1', 'LastName 1');
INSERT INTO AK_USER (ID, EMAIL, PASSWORD_HASH, FIRST_NAME, LAST_NAME)
VALUES (2, 'email2@email.com', /*password*/'$2a$08$EfoMXblxEFhBxSCOxI/bju0G4oVwGgtCig6INKKOJbchvNw5XhoTW',
        'FirstName 2', 'LastName 2');


INSERT INTO AK_AUTHORITY(ID, NAME)
VALUES (1, 'USER');
VALUES (2, 'ADMIN');

INSERT INTO AK_USER_AUTHORITY(ID, USER_ID, AUTHORITY_ID)
VALUES (1, 1, 1);
INSERT INTO AK_USER_AUTHORITY(ID, USER_ID, AUTHORITY_ID)
VALUES (2, 1, 2);


INSERT INTO AK_TABLE(ID, TITLE, NUMBER_OF_PLACES, RESTAURANT_ID)
VALUES (1, 'Table 1 restaurant 1 with 2 places', 2, 1);
INSERT INTO AK_TABLE(ID, TITLE, NUMBER_OF_PLACES, RESTAURANT_ID)
VALUES (2, 'Table 2 restaurant 1 with 3 places', 3, 1);
INSERT INTO AK_TABLE(ID, TITLE, NUMBER_OF_PLACES, RESTAURANT_ID)
VALUES (3, 'Table 3 restaurant 1 with 1 place', 1, 1);
INSERT INTO AK_TABLE(ID, TITLE, NUMBER_OF_PLACES, RESTAURANT_ID)
VALUES (4, 'Table 1 restaurant 2 with 1 places', 1, 2);


INSERT INTO AK_MENU (ID, RESTAURANT_ID, DISH_ID)
VALUES (1, 1, 1);
INSERT INTO AK_MENU (ID, RESTAURANT_ID, DISH_ID)
VALUES (2, 1, 2);
INSERT INTO AK_MENU (ID, RESTAURANT_ID, DISH_ID)
VALUES (3, 1, 3);
INSERT INTO AK_MENU (ID, RESTAURANT_ID, DISH_ID)
VALUES (4, 1, 4);
INSERT INTO AK_MENU (ID, RESTAURANT_ID, DISH_ID)
VALUES (5, 2, 1);
INSERT INTO AK_MENU (ID, RESTAURANT_ID, DISH_ID)
VALUES (6, 2, 2);

INSERT INTO AK_NOTIFICATION (ID, TITLE, DESCRIPTION)
VALUES (1, 'Notification 1', 'Notification 1 Description');
INSERT INTO AK_NOTIFICATION (ID, TITLE, DESCRIPTION)
VALUES (2, 'Notification 2', 'Notification 2 Description');
INSERT INTO AK_NOTIFICATION (ID, TITLE, DESCRIPTION)
VALUES (3, 'Notification 3', 'Notification 3 Description');


INSERT INTO AK_ORDER(ID, DESCRIPTION, USER_ID, TABLE_ID, NOTIFICATION_ID)
VALUES (1, 'Order 1 description', 1, 1, 1);
INSERT INTO AK_ORDER(ID, DESCRIPTION, USER_ID, TABLE_ID, NOTIFICATION_ID)
VALUES (2, 'Order 2 description', 2, 2, 2);


INSERT INTO AK_MENU_ORDER(ID, MENU_ID, ORDER_ID)
VALUES (1, 1, 1);
INSERT INTO AK_MENU_ORDER(ID, MENU_ID, ORDER_ID)
VALUES (2, 2, 1);
INSERT INTO AK_MENU_ORDER(ID, MENU_ID, ORDER_ID)
VALUES (3, 2, 1);
INSERT INTO AK_MENU_ORDER(ID, MENU_ID, ORDER_ID)
VALUES (4, 1, 2);



INSERT INTO OAUTH_CLIENT_DETAILS(CLIENT_ID, RESOURCE_IDS, CLIENT_SECRET, SCOPE, AUTHORIZED_GRANT_TYPES, AUTHORITIES,
                                 ACCESS_TOKEN_VALIDITY, REFRESH_TOKEN_VALIDITY)

VALUES ('spring-security-oauth2-read-client', 'resource-server-rest-api',

           /*spring-security-oauth2-read-client-password1234*/'$2a$04$WGq2P9egiOYoOFemBRfsiO9qTcyJtNRnPKNBl5tokP7IP.eZn93km',
        'read', 'password,authorization_code,refresh_token,implicit', 'USER', 10800, 2592000);

INSERT INTO OAUTH_CLIENT_DETAILS(CLIENT_ID, RESOURCE_IDS, CLIENT_SECRET, SCOPE, AUTHORIZED_GRANT_TYPES, AUTHORITIES,
                                 ACCESS_TOKEN_VALIDITY, REFRESH_TOKEN_VALIDITY)

VALUES ('spring-security-oauth2-read-write-client', 'resource-server-rest-api',

           /*spring-security-oauth2-read-write-client-password1234*/'$2a$04$soeOR.QFmClXeFIrhJVLWOQxfHjsJLSpWrU1iGxcMGdu.a5hvfY4W',
        'read,write', 'password,authorization_code,refresh_token,implicit', 'USER', 10800, 2592000);

